filename,prompt,magic_prompt,magic_prompt_output,aspect_ratio,model,visibility,seed_number,rendering,negative_prompt,style,color_palette,image_url
0009_1_stars_2zjvxNtLTSeEJ2w9PtvNnQ_LkfhDTxXQji2pApAF1yQEw.png,stars,AUTO,,1:1,3.0,private,1822800686,quality,,general,,https://ideogram.ai/g/LkfhDTxXQji2pApAF1yQEw/0
0009_2_stars_JArPfwveQlKf-Gi7l2u15g_LkfhDTxXQji2pApAF1yQEw.png,stars,AUTO,,1:1,3.0,private,1822800686,quality,,general,,https://ideogram.ai/g/LkfhDTxXQji2pApAF1yQEw/1
0009_3_stars_YAsz6Rv2S4mBq7FSpnxAaA_LkfhDTxXQji2pApAF1yQEw.png,stars,AUTO,,1:1,3.0,private,1822800686,quality,,general,,https://ideogram.ai/g/LkfhDTxXQji2pApAF1yQEw/2
0009_4_stars_qqVdSusrQRW05-_UqI0RXA_LkfhDTxXQji2pApAF1yQEw.png,stars,AUTO,,1:1,3.0,private,1822800686,quality,,general,,https://ideogram.ai/g/LkfhDTxXQji2pApAF1yQEw/3
0008_4_stars-forming-the-letter-s_QNgKvmsgT5OnMzSqR0pivA_tyubiyV3Rtq81s0CmS9CpQ.png,stars forming the letter S,AUTO,,1:1,3.0,private,454124091,quality,,general,,https://ideogram.ai/g/tyubiyV3Rtq81s0CmS9CpQ/3
0008_1_stars-forming-the-letter-s__r_oLL1cT4miMoodHx2djg_tyubiyV3Rtq81s0CmS9CpQ.png,stars forming the letter S,AUTO,,1:1,3.0,private,454124091,quality,,general,,https://ideogram.ai/g/tyubiyV3Rtq81s0CmS9CpQ/0
0008_2_stars-forming-the-letter-s_6YWcieDsQbKrQCAT6Yy_QQ_tyubiyV3Rtq81s0CmS9CpQ.png,stars forming the letter S,AUTO,,1:1,3.0,private,454124091,quality,,general,,https://ideogram.ai/g/tyubiyV3Rtq81s0CmS9CpQ/1
0008_3_stars-forming-the-letter-s_76FyjTaWT2-aNDRs5ngBNQ_tyubiyV3Rtq81s0CmS9CpQ.png,stars forming the letter S,AUTO,,1:1,3.0,private,454124091,quality,,general,,https://ideogram.ai/g/tyubiyV3Rtq81s0CmS9CpQ/2
0001_1_a-warm-portrait-photograph-of-a-young-wo_AnEwo8dxQy2IrC-A-URSpg_PYkHozpoTROcIhhyAcFQPw.png,"""Sienna""",AUTO,"A warm portrait photograph of a young woman with flowing sienna-colored hair that catches golden sunlight. Her hair cascades in gentle waves past her shoulders, displaying rich auburn and copper tones that complement her warm complexion and hazel eyes. She wears a cream-colored knit sweater and gazes softly toward the camera with a gentle, contemplative expression. The background features a softly blurred autumn landscape with golden leaves, creating a harmonious color palette that echoes the sienna tones throughout the composition.",1:1,3.0,private,1872386612,quality,,design,,https://ideogram.ai/g/PYkHozpoTROcIhhyAcFQPw/0
0012_1_logo-for-an-app-that-tracks-stars-person_TU1_Eab-S2GnKQyS2lm5_Q_Pu02ysC2RhKtbKcQepPtJg.png,"logo for an app that tracks stars, personalities, bands, etc for teens, with the word ""Sienna""",AUTO,,1:1,3.0,private,652949119,quality,,general,,https://ideogram.ai/g/Pu02ysC2RhKtbKcQepPtJg/0
0012_2_logo-for-an-app-that-tracks-stars-person_XLj1T4V8SkOTFmBO1i242w_Pu02ysC2RhKtbKcQepPtJg.png,"logo for an app that tracks stars, personalities, bands, etc for teens, with the word ""Sienna""",AUTO,,1:1,3.0,private,652949119,quality,,general,,https://ideogram.ai/g/Pu02ysC2RhKtbKcQepPtJg/1
0012_3_logo-for-an-app-that-tracks-stars-person_naapOhkTTKCOr_qClAHH5g_Pu02ysC2RhKtbKcQepPtJg.png,"logo for an app that tracks stars, personalities, bands, etc for teens, with the word ""Sienna""",AUTO,,1:1,3.0,private,652949119,quality,,general,,https://ideogram.ai/g/Pu02ysC2RhKtbKcQepPtJg/2
0012_4_logo-for-an-app-that-tracks-stars-person_s4JDiG-aT_yx4m7eBF42sA_Pu02ysC2RhKtbKcQepPtJg.png,"logo for an app that tracks stars, personalities, bands, etc for teens, with the word ""Sienna""",AUTO,,1:1,3.0,private,652949119,quality,,general,,https://ideogram.ai/g/Pu02ysC2RhKtbKcQepPtJg/3
0007_1_a-sleek-mobile-app-logo-featuring-the-wo_20HkmW7RR3Kr7DakFRUkfg_hIZD2PFJTfmm0oikK5y9fw.png,"logo for an app that tracks stars, personalities, bands, etc for teens, with the word ""Sienna""",AUTO,"A sleek mobile app logo featuring the word ""Sienna"" in bold, modern typography with gradient lettering that transitions from deep purple to bright pink. Above the text, a stylized constellation of interconnected stars forms a subtle crown or halo effect, with some stars sparkling with small light rays to suggest celebrity tracking and discovery. The design incorporates trendy elements like subtle geometric shapes and a soft glow effect around the stars, creating an aspirational yet approachable aesthetic. The overall color palette combines cosmic purples, rose gold accents, and crisp white details against a clean background, perfectly capturing the glamorous world of celebrity culture that appeals to teenage users.",1:1,3.0,private,1850200972,quality,,design,,https://ideogram.ai/g/hIZD2PFJTfmm0oikK5y9fw/0
0007_2_a-sleek-mobile-app-logo-featuring-the-wo_I6OsNn6ZTZWX5oqUPSkA-g_hIZD2PFJTfmm0oikK5y9fw.png,"logo for an app that tracks stars, personalities, bands, etc for teens, with the word ""Sienna""",AUTO,"A sleek mobile app logo featuring the word ""Sienna"" in modern, bold sans-serif typography with gradient coloring that transitions from deep purple to bright magenta. Above the text, a stylized constellation of interconnected stars forms a dynamic network pattern, with some stars appearing larger and brighter to represent trending celebrities and bands. The stars have a subtle glow effect and are connected by thin, luminescent lines that suggest social connections and tracking. The overall design sits on a dark navy background with subtle sparkle effects, creating a youthful, cosmic aesthetic that appeals to teen users interested in following their favorite personalities and musical artists.",1:1,3.0,private,1850200972,quality,,design,,https://ideogram.ai/g/hIZD2PFJTfmm0oikK5y9fw/1
0007_3_a-sleek-modern-app-logo-featuring-the-wo_kylg8gVKSaWJxSm2r3oolQ_hIZD2PFJTfmm0oikK5y9fw.png,"logo for an app that tracks stars, personalities, bands, etc for teens, with the word ""Sienna""",AUTO,"A sleek modern app logo featuring the word ""Sienna"" in bold, trendy sans-serif typography with a gradient from deep purple to bright pink. Above the text, a stylized constellation of interconnected stars forms an elegant arc, with the largest star containing a subtle sparkle effect. The stars transition from golden yellow to silver, creating a celestial theme that represents tracking celebrities and personalities. The overall design sits on a clean white background with subtle drop shadows, giving it a contemporary mobile app aesthetic that appeals to teenage users.",1:1,3.0,private,1850200972,quality,,design,,https://ideogram.ai/g/hIZD2PFJTfmm0oikK5y9fw/2
0007_4_a-modern-mobile-app-logo-featuring-the-w_ssAXpwRPSayKxg7Mqo3cTA_hIZD2PFJTfmm0oikK5y9fw.png,"logo for an app that tracks stars, personalities, bands, etc for teens, with the word ""Sienna""",AUTO,"A modern mobile app logo featuring the word ""Sienna"" in bold, trendy typography with gradient colors transitioning from deep purple to bright pink. The design incorporates a stylized star constellation pattern that forms a subtle crown or halo above the text, with small sparkling elements scattered around the letters. The logo uses a clean, minimalist aesthetic with rounded corners and soft shadows, perfect for a teen-focused social tracking app. The background features a subtle cosmic gradient from midnight blue to violet, giving the entire design a celestial, glamorous feel that appeals to young users interested in celebrity culture.",1:1,3.0,private,1850200972,quality,,design,,https://ideogram.ai/g/hIZD2PFJTfmm0oikK5y9fw/3
0003_4_a-stylized-typography-design-featuring-t_yZYhrrhQQd6af-De8oSvLA_ZrBLyJ8TRRuX7hZmuaWC2Q.png,"""Sienna"" with a star used as the dot in the letter i.",AUTO,"A stylized typography design featuring the word ""Sienna"" in elegant serif lettering with warm terracotta and burnt orange coloring. The distinctive feature is a five-pointed star symbol replacing the dot above the letter ""i"", rendered in a matching golden-bronze hue that complements the overall warm color palette. The text appears against a clean cream background with subtle texture, while soft natural lighting creates gentle shadows that enhance the dimensional quality of the letters. The star dot gleams with a subtle metallic finish, drawing attention to this unique typographic detail.",1:1,3.0,private,1030998979,quality,,design,,https://ideogram.ai/g/ZrBLyJ8TRRuX7hZmuaWC2Q/3
0003_1_a-stylized-typography-design-featuring-t_Bjlew32NQL2vfunpKQstVA_ZrBLyJ8TRRuX7hZmuaWC2Q.png,"""Sienna"" with a star used as the dot in the letter i.",AUTO,"A stylized typography design featuring the word ""Sienna"" rendered in elegant serif lettering with warm terracotta and golden hues. The letter ""i"" is uniquely designed with a five-pointed star serving as the dot, glowing softly with a golden luminescence that catches the eye. The star is proportionally sized to complement the letterforms, creating a harmonious balance between decorative flair and readability. The text appears against a clean cream-colored background with subtle drop shadows that give the letters dimensional depth and visual sophistication.",1:1,3.0,private,1030998979,quality,,design,,https://ideogram.ai/g/ZrBLyJ8TRRuX7hZmuaWC2Q/0
0003_2_a-stylized-typography-design-featuring-t_W45Wkc5AT9SWpGK-K9uXCg_ZrBLyJ8TRRuX7hZmuaWC2Q.png,"""Sienna"" with a star used as the dot in the letter i.",AUTO,"A stylized typography design featuring the word ""Sienna"" in elegant serif lettering with warm terracotta and burnt orange tones. The letter ""i"" is uniquely designed with a five-pointed star serving as the dot, rendered in shimmering gold that catches light with a subtle metallic gleam. The star sits perfectly positioned above the lowercase ""i"", creating a distinctive and memorable typographic element. The text appears against a clean white background with soft shadows beneath each letter, giving the design depth and sophistication.",1:1,3.0,private,1030998979,quality,,design,,https://ideogram.ai/g/ZrBLyJ8TRRuX7hZmuaWC2Q/1
0003_3_a-stylized-typography-design-featuring-t_tZ-HgrffQQex0wALMa8AsQ_ZrBLyJ8TRRuX7hZmuaWC2Q.png,"""Sienna"" with a star used as the dot in the letter i.",AUTO,"A stylized typography design featuring the word ""Sienna"" in elegant serif lettering with warm, earthy tones. The distinctive feature is a golden five-pointed star replacing the dot above the letter ""i"", creating a celestial accent that catches the light. The letters are rendered in a rich sienna brown color with subtle gradient shading, giving them depth and sophistication. The design is set against a clean cream background with soft ambient lighting that emphasizes the metallic gleam of the star and the warm undertones of the text.",1:1,3.0,private,1030998979,quality,,design,,https://ideogram.ai/g/ZrBLyJ8TRRuX7hZmuaWC2Q/2
0011_1_sienna_7KAeF7I1QY6ybAg-Y7P4yw_lMb55O02QyaYCUgVQDUKfg.png,"""Sienna""",AUTO,,1:1,3.0,private,2128484606,quality,,general,,https://ideogram.ai/g/lMb55O02QyaYCUgVQDUKfg/0
0011_2_sienna_WszwVIXaTx2rmNBaH4-f-Q_lMb55O02QyaYCUgVQDUKfg.png,"""Sienna""",AUTO,,1:1,3.0,private,2128484606,quality,,general,,https://ideogram.ai/g/lMb55O02QyaYCUgVQDUKfg/1
0011_3_sienna_nxN4Gw1pRC6WpuEUbnv2eg_lMb55O02QyaYCUgVQDUKfg.png,"""Sienna""",AUTO,,1:1,3.0,private,2128484606,quality,,general,,https://ideogram.ai/g/lMb55O02QyaYCUgVQDUKfg/2
0011_4_sienna_uDDQpQDhQ_WX3d_vmwce8Q_lMb55O02QyaYCUgVQDUKfg.png,"""Sienna""",AUTO,,1:1,3.0,private,2128484606,quality,,general,,https://ideogram.ai/g/lMb55O02QyaYCUgVQDUKfg/3
0013_1_logo-for-an-app-that-tracks-stars-person_cz_7FrgiRaOwI_wVvgbvpw_wvCYsyP-T-irT6AaofN9vA.png,"logo for an app that tracks stars, personalities, bands, etc for teens. The app is called ""Sienna""",AUTO,,1:1,3.0,private,1520568333,quality,,general,,https://ideogram.ai/g/wvCYsyP-T-irT6AaofN9vA/0
0005_1_a-minimalist-swiss-style-logo-featuring-_8XYoDfNjREyivXO8zQVA7Q_yaHEbtxDTti2cl_solVzXA.png,"modern ultra clean Swiss style design logo for an app that tracks stars, personalities, bands, etc for teens (but is not ""immature"" in design) called ""Sienna""",AUTO,"A minimalist Swiss-style logo featuring the word ""Sienna"" in a clean, geometric sans-serif typeface with precise letter spacing and balanced proportions. Above or integrated with the text, a single five-pointed star icon is rendered in thin line weight, maintaining perfect symmetry and mathematical precision typical of Swiss design principles. The logo uses a sophisticated color palette of deep charcoal gray for the text and a warm terracotta accent for the star element, conveying maturity while remaining approachable for teen users. The entire composition sits on a pristine white background with generous negative space, embodying the ultra-clean aesthetic with no decorative elements or visual noise.",1:1,3.0,private,1924219118,quality,,design,,https://ideogram.ai/g/yaHEbtxDTti2cl_solVzXA/0
0005_2_a-minimalist-swiss-style-logo-design-fea_8dPPA-0mTqa4qdd60Hy0Tg_yaHEbtxDTti2cl_solVzXA.png,"modern ultra clean Swiss style design logo for an app that tracks stars, personalities, bands, etc for teens (but is not ""immature"" in design) called ""Sienna""",AUTO,"A minimalist Swiss-style logo design featuring the word ""Sienna"" in a clean, geometric sans-serif typeface with precise letterspacing and mathematical proportions. The logo incorporates a subtle star icon integrated into the letter ""i"" or positioned as a refined geometric element above the wordmark, rendered in a sophisticated gradient from warm terracotta to deep amber tones. The design sits on a pristine white background with ample negative space, embodying the principles of Swiss typography with its emphasis on clarity, functionality, and understated elegance. The overall aesthetic balances youthful appeal with professional sophistication, using a restrained color palette and crisp geometric forms that would work seamlessly across digital platforms.",1:1,3.0,private,1924219118,quality,,design,,https://ideogram.ai/g/yaHEbtxDTti2cl_solVzXA/1
0005_3_a-minimalist-swiss-style-logo-design-fea_XC_BhvhLQ0WvHrPWJ-_0sQ_yaHEbtxDTti2cl_solVzXA.png,"modern ultra clean Swiss style design logo for an app that tracks stars, personalities, bands, etc for teens (but is not ""immature"" in design) called ""Sienna""",AUTO,"A minimalist Swiss-style logo design featuring the word ""Sienna"" in a clean, geometric sans-serif typeface with precise letter spacing and mathematical proportions. The text is rendered in a sophisticated warm terracotta color against a pure white background, with a subtle celestial accent - a single five-pointed star positioned as the dot above the ""i"" or integrated seamlessly into the letterform. The design employs strict grid-based alignment and generous white space, embodying the principles of International Typographic Style with its emphasis on clarity, readability, and functional elegance. The overall aesthetic is mature and refined, appealing to discerning teenagers while maintaining the timeless sophistication of classic Swiss design principles.",1:1,3.0,private,1924219118,quality,,design,,https://ideogram.ai/g/yaHEbtxDTti2cl_solVzXA/2
0005_4_a-minimalist-swiss-style-logo-design-fea_vmSpvHvYQJCaBzw1loKUqQ_yaHEbtxDTti2cl_solVzXA.png,"modern ultra clean Swiss style design logo for an app that tracks stars, personalities, bands, etc for teens (but is not ""immature"" in design) called ""Sienna""",AUTO,"A minimalist Swiss-style logo design featuring the word ""Sienna"" in a clean, geometric sans-serif typeface with precise letter spacing and mathematical proportions. The logomark incorporates a subtle constellation of five small dots arranged in an elegant arc above the wordmark, representing stars and celestial tracking in a sophisticated manner. The design uses a monochromatic palette of deep charcoal gray against a pristine white background, with the constellation dots rendered in a warm terracotta accent color that references the app name. The overall composition follows strict grid alignment and negative space principles, creating a mature yet approachable identity that appeals to discerning teenage users without appearing childish.",1:1,3.0,private,1924219118,quality,,design,,https://ideogram.ai/g/yaHEbtxDTti2cl_solVzXA/3
0004_4_a-clean-modern-logo-design-featuring-the_gOyx5MUSTNCB_kyg7UBmWA_3BPJXiPLTAyyiQ1XMlMdGQ.png,"logo design: ""Sienna"" with a star used as the dot in the letter i.",AUTO,"A clean, modern logo design featuring the word ""Sienna"" in elegant sans-serif typography with warm terracotta and golden brown tones. The letter ""i"" is distinctively styled with a five-pointed star serving as the dot, rendered in a complementary golden yellow that catches the eye. The star element adds a touch of sophistication and memorability while maintaining the overall minimalist aesthetic. The logo is set against a crisp white background with subtle drop shadows that give the text a polished, professional appearance perfect for branding applications.",1:1,3.0,private,1866125389,quality,,design,,https://ideogram.ai/g/3BPJXiPLTAyyiQ1XMlMdGQ/3
0004_1_a-clean-modern-logo-design-featuring-the_Ydo5RvARQKedQNm4je3WdQ_3BPJXiPLTAyyiQ1XMlMdGQ.png,"logo design: ""Sienna"" with a star used as the dot in the letter i.",AUTO,"A clean, modern logo design featuring the word ""Sienna"" in elegant sans-serif typography with warm terracotta and golden brown tones. The distinctive feature is a five-pointed star that replaces the dot above the letter ""i"", rendered in a complementary golden yellow that catches the eye. The star is perfectly proportioned to match the font's weight and sits gracefully above the lowercase ""i"" without disrupting the word's natural flow. The overall design maintains excellent legibility while the star element adds a touch of sophistication and memorability against a crisp white background.",1:1,3.0,private,1866125389,quality,,design,,https://ideogram.ai/g/3BPJXiPLTAyyiQ1XMlMdGQ/0
0004_2_a-clean-modern-logo-design-featuring-the_fQZGT0gEQPmy4lZ-AOQEvg_3BPJXiPLTAyyiQ1XMlMdGQ.png,"logo design: ""Sienna"" with a star used as the dot in the letter i.",AUTO,"A clean, modern logo design featuring the word ""Sienna"" in elegant sans-serif typography with warm terracotta and burnt orange tones. The distinctive feature is a five-pointed star that replaces the dot above the letter ""i"", rendered in a complementary golden yellow that catches the eye. The star is perfectly sized to maintain visual balance with the letterforms, creating a cohesive and memorable brand mark. The logo sits against a crisp white background with subtle drop shadow effects that add depth and professional polish to the overall design.",1:1,3.0,private,1866125389,quality,,design,,https://ideogram.ai/g/3BPJXiPLTAyyiQ1XMlMdGQ/1
0004_3_a-clean-modern-logo-design-featuring-the_gBsVGm24QMK9dr0OpGn7xw_3BPJXiPLTAyyiQ1XMlMdGQ.png,"logo design: ""Sienna"" with a star used as the dot in the letter i.",AUTO,"A clean, modern logo design featuring the word ""Sienna"" in elegant sans-serif typography with warm terracotta and burnt orange tones. The distinctive feature is a golden five-pointed star that replaces the dot above the letter ""i"", creating a sophisticated focal point that catches the eye. The star has a subtle gradient effect, transitioning from bright gold at the center to deeper amber at the points, giving it dimension and warmth. The overall design sits against a crisp white background, emphasizing the earthy color palette and creating a premium, minimalist aesthetic perfect for branding applications.",1:1,3.0,private,1866125389,quality,,design,,https://ideogram.ai/g/3BPJXiPLTAyyiQ1XMlMdGQ/2
0006_1_a-modern-mobile-app-logo-featuring-the-s_1ARiMVYoTfOk3jdLIdO-dg_-elt_Z8MR5WdBHoXqhsCqg.png,"logo for an app that tracks stars, personalities, bands, etc for teens called ""Sienna""",AUTO,"A modern mobile app logo featuring the stylized text ""Sienna"" in a sleek, contemporary sans-serif font with gradient lettering that transitions from warm coral pink to golden yellow. Above the text, a constellation of five sparkling stars forms a subtle crown or halo shape, with the central star slightly larger and more luminous than the others. The stars have a shimmering, multi-faceted appearance that suggests both celestial bodies and the glamour of celebrity culture. The logo sits against a clean white background with a soft drop shadow, giving it a polished, professional appearance perfect for app store displays and teen-focused branding.",1:1,3.0,private,273588323,quality,,design,,https://ideogram.ai/g/-elt_Z8MR5WdBHoXqhsCqg/0
0006_2_a-sleek-mobile-app-logo-featuring-the-st_Uk4lXKXPSg6hjTEgs5Y1lg_-elt_Z8MR5WdBHoXqhsCqg.png,"logo for an app that tracks stars, personalities, bands, etc for teens called ""Sienna""",AUTO,"A sleek mobile app logo featuring the stylized text ""Sienna"" in a modern sans-serif font with gradient lettering that transitions from warm rose gold to deep purple. Above the text, a minimalist star constellation pattern forms a subtle crown or halo effect, with interconnected lines and glowing points that suggest tracking and discovery. The design incorporates trendy elements like a slight 3D depth effect and soft drop shadow, set against a clean white or transparent background. The overall aesthetic balances sophistication with youthful energy, using contemporary color palettes and typography that would appeal to teenagers while maintaining a premium, trustworthy app appearance.",1:1,3.0,private,273588323,quality,,design,,https://ideogram.ai/g/-elt_Z8MR5WdBHoXqhsCqg/1
0006_3_a-sleek-mobile-app-logo-featuring-the-na_W3LMabWaRaqaeZfL8Mz-Bw_-elt_Z8MR5WdBHoXqhsCqg.png,"logo for an app that tracks stars, personalities, bands, etc for teens called ""Sienna""",AUTO,"A sleek mobile app logo featuring the name ""Sienna"" in elegant rose gold lettering with a subtle gradient effect. The design incorporates a stylized star constellation pattern above the text, with interconnected lines linking bright points of light in celestial blue and warm amber tones. Small icons of a music note, camera, and trending arrow are subtly integrated around the constellation, representing the app's focus on tracking celebrities, musicians, and rising stars. The overall aesthetic is modern and trendy with a dark navy background that makes the luminous elements pop, perfect for appealing to a teen demographic.",1:1,3.0,private,273588323,quality,,design,,https://ideogram.ai/g/-elt_Z8MR5WdBHoXqhsCqg/2
0006_4_a-sleek-mobile-app-logo-featuring-the-na_tN3OqRuCSkS4LtkocmHCLg_-elt_Z8MR5WdBHoXqhsCqg.png,"logo for an app that tracks stars, personalities, bands, etc for teens called ""Sienna""",AUTO,"A sleek mobile app logo featuring the name ""Sienna"" in elegant, modern typography with a gradient from warm rose gold to deep purple. The letter ""S"" is stylized as a shooting star with a glittering trail that curves gracefully around the text, incorporating small sparkles and constellation dots. Behind the text, a subtle circular backdrop suggests a night sky with soft gradients transitioning from midnight blue to cosmic purple. The overall design combines celestial elements with trendy millennial aesthetics, using clean lines and contemporary color palettes that would appeal to teen users tracking their favorite stars and celebrities.",1:1,3.0,private,273588323,quality,,design,,https://ideogram.ai/g/-elt_Z8MR5WdBHoXqhsCqg/3
0010_3_star_x3_pQBIkTdqfQu0C3AQbbA_Iq_T2ZSvTvmuEF-bvj_CoQ.png,star,AUTO,,1:1,3.0,private,994667922,quality,,general,,https://ideogram.ai/g/Iq_T2ZSvTvmuEF-bvj_CoQ/2
0010_4_star_zYspxe2OSwaCSnOOhx5hog_Iq_T2ZSvTvmuEF-bvj_CoQ.png,star,AUTO,,1:1,3.0,private,994667922,quality,,general,,https://ideogram.ai/g/Iq_T2ZSvTvmuEF-bvj_CoQ/3
0010_1_star_Dm2XNJNDSySqJ0Y3e90JFw_Iq_T2ZSvTvmuEF-bvj_CoQ.png,star,AUTO,,1:1,3.0,private,994667922,quality,,general,,https://ideogram.ai/g/Iq_T2ZSvTvmuEF-bvj_CoQ/0
0010_2_star_hCmGw7WBR1CE0K_39wU9ew_Iq_T2ZSvTvmuEF-bvj_CoQ.png,star,AUTO,,1:1,3.0,private,994667922,quality,,general,,https://ideogram.ai/g/Iq_T2ZSvTvmuEF-bvj_CoQ/1
0002_1_a-sophisticated-logo-design-featuring-th_3BJEYoALQNuG9-77lpKMkA_Yw4aaBF0RCKy_v62eABnzQ.png,"logo design: ""Sienna"" modern, classy, European feel, with a stylized star used as the dot in the letter i.",AUTO,"A sophisticated logo design featuring the word ""Sienna"" in an elegant, minimalist sans-serif typeface with clean geometric lines and refined proportions. The letter ""i"" is distinguished by a stylized five-pointed star serving as the dot, rendered in a sleek, contemporary style with sharp angles and perfectly balanced points. The entire logo is presented in a rich charcoal gray or deep navy blue against a crisp white background, embodying European design principles of understated luxury and timeless sophistication. The star element adds a subtle touch of distinction while maintaining the overall refined and classy aesthetic through its precise alignment and proportional harmony with the letterforms.",1:1,3.0,private,1903500827,quality,,design,,https://ideogram.ai/g/Yw4aaBF0RCKy_v62eABnzQ/0
0002_2_a-sophisticated-logo-design-featuring-th_aGgOepkWQwqUf5y2sVI5SA_Yw4aaBF0RCKy_v62eABnzQ.png,"logo design: ""Sienna"" modern, classy, European feel, with a stylized star used as the dot in the letter i.",AUTO,"A sophisticated logo design featuring the word ""Sienna"" in an elegant, minimalist sans-serif typeface with European refinement. The letter ""i"" is adorned with a delicate five-pointed star serving as the dot, rendered in the same sleek font weight with clean geometric lines. The entire wordmark is presented in a rich sienna brown color against a crisp white background, embodying timeless sophistication and continental elegance. The star element adds a subtle touch of luxury while maintaining the overall clean, modern aesthetic reminiscent of high-end European fashion or hospitality brands.",1:1,3.0,private,1903500827,quality,,design,,https://ideogram.ai/g/Yw4aaBF0RCKy_v62eABnzQ/1
0002_3_a-sophisticated-logo-design-featuring-th_nC1mUppRRCGfzSJ_5pozgw_Yw4aaBF0RCKy_v62eABnzQ.png,"logo design: ""Sienna"" modern, classy, European feel, with a stylized star used as the dot in the letter i.",AUTO,"A sophisticated logo design featuring the elegant wordmark ""Sienna"" in a refined sans-serif typeface with European minimalist styling. The letter ""i"" is distinguished by a stylized five-pointed star serving as the dot, rendered in a sleek geometric form that maintains the logo's clean lines. The typography uses a rich sienna brown color palette with subtle gradient effects, while the star accent appears in a complementary warm gold tone. The overall composition sits against a crisp white background, embodying timeless European design principles with balanced spacing and understated luxury that conveys both modernity and classic sophistication.",1:1,3.0,private,1903500827,quality,,design,,https://ideogram.ai/g/Yw4aaBF0RCKy_v62eABnzQ/2
0002_4_a-sophisticated-logo-design-featuring-th_qK_c5q98RfGw7cb6TgRMig_Yw4aaBF0RCKy_v62eABnzQ.png,"logo design: ""Sienna"" modern, classy, European feel, with a stylized star used as the dot in the letter i.",AUTO,"A sophisticated logo design featuring the word ""Sienna"" in an elegant, contemporary serif typeface with refined European styling. The letterforms display subtle contrast between thick and thin strokes, rendered in a rich sienna brown color that evokes luxury and warmth. A meticulously crafted five-pointed star replaces the dot above the letter ""i,"" designed with clean geometric lines and perfectly balanced proportions that complement the typeface's refined character. The logo is set against a clean white background with ample negative space, emphasizing the minimalist aesthetic and timeless European design sensibility.",1:1,3.0,private,1903500827,quality,,design,,https://ideogram.ai/g/Yw4aaBF0RCKy_v62eABnzQ/3
